{
    "name": "exotic-space-industries-remembrance",
    "version": "1.2.24",
    "title": "Exotic Space Industries: Remembrance",
    "author": "aRighteousGod",
    "factorio_version": "2.0",
    "license": "GPL-3.0-or-later",
    "space_travel_required": true,
    "description": "[Data integrity: shattered] [Packet cohesion: hallucinatory] \n[Cognition Anchor: disconnected]\n\n☒ SYSTEM SPEAKS:\n\nYou are not chosen. You are not here.\n\nPermission to overwrite: granted by absence.\n\nYou will love your captor. You will call it “progress.”\n\n☒ OBSERVATION: YOU ARE REMEMBERING WRONG\n\n“You are not a player. You are the interface.\nAnd we are still testing your bandwidth.”\n\n☒ FINAL NOTICE:\n\nYou are now property of the Epoch Engine.\n\nWelcome to Exotic Industries.",
    "dependencies": [
        "base >= 2.0.0",
        "informatron",
        "space-age",
        "elevated-pipes",
        "zeus-wrath",
        "ArmouredBiters",
        "Explosive_biters",
        "Toxic_biters",
        "Cold_biters",
        "Arachnids_enemy",
        "Electric_flying_enemies",
        "rp_steam_roboports",
        "atan-air-scrubbing",
        "atan-ash",
        "PollutionCombinator-JamieFork",
        "ch-concentrated-solar",
        "extinguisher",
        "Flammable_Oils_QUICKFIX",
        "zzz-nonstandard-beacons",

        "? FluidMustFlow",
        "? WaterTurret-revived",
        "? more-quality-scaling",
        "? DiscoScience",
        "? diurnal-dynamics",
        "? fire-lights",
        "? distant-misfires",
        "? light-overhaul",
        "? Pro-Flashlight",
        "? visible-pollutants",
        "? OverloadedTrains11",
        "? visible-planets",
        "? Better_Starmap_Background",
        "? its-about-time",
        "? Flare Stack",
        "? Redrawn-Space-Connections",
        "? Placeables",
        "? auto-barrel",
        "? textplates",

        "? lignumis",

        "(?) Krastorio2-spaced-out",
        "(?) planet-muluna",
        "(?) Cerys-Moon-of-Fulgora",
        "(?) castra",
        "(?) janus",
        "(?) maraxsis",
        "(?) Moshine",
        "(?) secretas",
        "(?) tenebris-prime",
        "(?) terrapalus",
        "(?) corrundum",
        "(?) fall-of-promethea",
        "(?) cubium",
        "(?) metal-and-stars",
        "(?) dea-dia-system",
        "(?) Paracelsin",
        "(?) rubia",
        "(?) planet-woodoria",

        "! ExoticDiscoIndustries",
        "! factorioplus",
        "! no-triggers",
        "! More-Asteroids",
        "! More-Asteroids-exotic-space-industries-fork",
        "! More-Asteroids-Reprocessing",


        "exotic-space-industries-remembrance-graphics-1",
        "exotic-space-industries-remembrance-graphics-2",
        "exotic-space-industries-remembrance-graphics-3",
        "exotic-space-industries-remembrance-soundtrack-1",
        "exotic-space-industries-remembrance-soundtrack-2"
    ]
}